{
	"format_version": "1.8.0",
	"animations": {
		"portal.idle": {
			"loop": true,
			"animation_length": 3.95833,
			"bones": {
				"bone2": {
					"rotation": {
						"0.0": {
							"vector": [0, 0, 0]
						},
						"1.0": {
							"vector": [0, 0, -90]
						},
						"2.0": {
							"vector": [0, 0, -180]
						},
						"3.0": {
							"vector": [0, 0, -267.5]
						},
						"3.9583": {
							"vector": [0, 0, -360]
						}
					},
					"scale": {
						"0.0": {
							"vector": [1, 1, 1]
						},
						"0.5": {
							"vector": [1.1, 1.1, 1]
						},
						"1.0": {
							"vector": [1, 1, 1]
						},
						"1.5": {
							"vector": [1.1, 1.1, 1]
						},
						"2.0": {
							"vector": [1, 1, 1]
						},
						"2.5": {
							"vector": [1.1, 1.1, 1]
						},
						"3.0": {
							"vector": [1, 1, 1]
						},
						"3.5": {
							"vector": [1.1, 1.1, 1]
						},
						"3.9583": {
							"vector": [1, 1, 1]
						}
					}
				},
				"bone3": {
					"rotation": {
						"0.0": {
							"vector": [0, 0, 0]
						},
						"1.0": {
							"vector": [0, 0, 90]
						},
						"2.0": {
							"vector": [0, 0, 180]
						},
						"3.0": {
							"vector": [0, 0, 270]
						},
						"3.9583": {
							"vector": [0, 0, 360]
						}
					}
				}
			}
		}
	}
}