{
	"format_version": "1.8.0",
	"animations": {
		"idle": {
			"loop": true,
			"animation_length": 3,
			"bones": {
				"bone2": {
					"rotation": {
						"0.0": [0, 0, 0],
						"1.5": [0, 0, 180],
						"3.0": [0, 0, 360]
					},
					"position": [0, 0, 0]
				},
				"bone3": {
					"position": [0, 0, 0]
				},
				"bone4": {
					"position": [0, 0, 0]
				},
				"bone5": {
					"position": {
						"0.0": [0, 0, 0],
						"2.0": [-6, -4, 0],
						"3.0": [0, 0, 0]
					}
				},
				"bone6": {
					"position": {
						"0.0": [0, 0, 0],
						"1.0": [1, -5, 0],
						"2.0": [-4, 0, 0],
						"3.0": [0, 0, 0]
					}
				},
				"bone7": {
					"position": {
						"0.0": [0, 0, 0],
						"1.0": [0, 0, 0],
						"2.0": [10, -1, 0],
						"3.0": [0, 0, 0]
					}
				},
				"bone8": {
					"position": {
						"0.0": [0, 0, 0],
						"1.0": [-4, -4, 0],
						"2.0": [-2, 4, 0],
						"3.0": [0, 0, 0]
					}
				},
				"bone9": {
					"position": {
						"0.0": [0, 0, 0],
						"1.0": [-2, -3, 0],
						"2.0": [-3, -3, 0],
						"3.0": [0, 0, 0]
					}
				},
				"bone10": {
					"position": {
						"0.0": [0, 0, 0],
						"1.0": [-5, -3, 0],
						"3.0": [0, 0, 0]
					}
				},
				"bone11": {
					"position": {
						"0.0": [0, 0, 0],
						"1.0": [3, -4, 0],
						"2.0": [-5, -1, 0],
						"3.0": [0, 0, 0]
					}
				},
				"bone12": {
					"position": {
						"0.0": [0, 0, 0],
						"1.0": [-6, 0, 0],
						"2.0": [4, 1, 0],
						"3.0": [0, 0, 0]
					}
				}
			}
		}
	}
}