{
  "_fv": 43,
  "_type": "recipe",
  "definition": {
    "recipeType": "Crafting",
    "recipeRetstackSize": 1,
    "group": "",
    "cookingBookCategory": "MISC",
    "xpReward": 0.0,
    "cookingTime": 200,
    "craftingBookCategory": "MISC",
    "recipeShapeless": false,
    "recipeSlots": [
      {
        "value": ""
      },
      {
        "value": "CUSTOM:QuantumTransportSolution"
      },
      {
        "value": ""
      },
      {
        "value": "Blocks.IRON_BLOCK"
      },
      {
        "value": "CUSTOM:Mathematicalcalculations"
      },
      {
        "value": "CUSTOM:Memorycard"
      },
      {
        "value": ""
      },
      {
        "value": ""
      },
      {
        "value": "Blocks.IRON_BLOCK"
      }
    ],
    "recipeReturnStack": {
      "value": "CUSTOM:Portalgun"
    },
    "name": "craftportalgun",
    "namespace": "mod"
  }
}