{
  "_fv": 43,
  "_type": "item",
  "definition": {
    "renderType": 1,
    "texture": "empty_gun",
    "customModelName": "portal_gun_rick:empty",
    "name": "§2Discharged portal gun",
    "rarity": "EPIC",
    "creativeTab": {
      "value": "CUSTOM:RickAndMortyPortal"
    },
    "stackSize": 1,
    "enchantability": 0,
    "useDuration": 0,
    "toolType": 1.0,
    "damageCount": 0,
    "recipeRemainder": {
      "value": ""
    },
    "destroyAnyBlock": false,
    "immuneToFire": false,
    "stayInGridWhenCrafting": false,
    "damageOnCrafting": false,
    "enableMeleeDamage": false,
    "damageVsEntity": 0.0,
    "specialInfo": [
      "It was made by Rick Sanchez after the creation of a conventional",
      "portal cannon. Thanks to her",
      "her owner could move to other dimensions as well as in space",
      "for an unlimited distance. The technology is unique"
    ],
    "hasGlow": false,
    "guiBoundTo": "<NONE>",
    "inventorySize": 9,
    "inventoryStackSize": 64,
    "isFood": false,
    "nutritionalValue": 4,
    "saturation": 0.3,
    "eatResultItem": {
      "value": ""
    },
    "isMeat": false,
    "isAlwaysEdible": false,
    "animation": "none"
  }
}