{
  "_fv": 43,
  "_type": "overlay",
  "definition": {
    "priority": "NORMAL",
    "components": [
      {
        "type": "image",
        "data": {
          "image": "empty.png",
          "use1Xscale": false,
          "displayCondition": {
            "name": "Gui"
          },
          "x": 7,
          "y": 189
        }
      },
      {
        "type": "image",
        "data": {
          "image": "1.png",
          "use1Xscale": false,
          "displayCondition": {
            "name": "If1"
          },
          "x": 7,
          "y": 189
        }
      },
      {
        "type": "image",
        "data": {
          "image": "2.png",
          "use1Xscale": false,
          "displayCondition": {
            "name": "If2"
          },
          "x": 7,
          "y": 189
        }
      },
      {
        "type": "image",
        "data": {
          "image": "3.png",
          "use1Xscale": false,
          "displayCondition": {
            "name": "If3"
          },
          "x": 7,
          "y": 189
        }
      },
      {
        "type": "image",
        "data": {
          "image": "4.png",
          "use1Xscale": false,
          "displayCondition": {
            "name": "If4"
          },
          "x": 7,
          "y": 189
        }
      },
      {
        "type": "image",
        "data": {
          "image": "5.png",
          "use1Xscale": false,
          "displayCondition": {
            "name": "If5"
          },
          "x": 7,
          "y": 189
        }
      },
      {
        "type": "image",
        "data": {
          "image": "6.png",
          "use1Xscale": false,
          "displayCondition": {
            "name": "If6"
          },
          "x": 7,
          "y": 189
        }
      },
      {
        "type": "image",
        "data": {
          "image": "7.png",
          "use1Xscale": false,
          "displayCondition": {
            "name": "If7"
          },
          "x": 7,
          "y": 189
        }
      },
      {
        "type": "image",
        "data": {
          "image": "8.png",
          "use1Xscale": false,
          "displayCondition": {
            "name": "If8"
          },
          "x": 7,
          "y": 189
        }
      },
      {
        "type": "image",
        "data": {
          "image": "9.png",
          "use1Xscale": false,
          "displayCondition": {
            "name": "If9"
          },
          "x": 7,
          "y": 189
        }
      },
      {
        "type": "image",
        "data": {
          "image": "10.png",
          "use1Xscale": false,
          "displayCondition": {
            "name": "If10"
          },
          "x": 7,
          "y": 189
        }
      }
    ],
    "baseTexture": "",
    "overlayTarget": "Ingame",
    "gridSettings": {
      "sx": 18,
      "sy": 18,
      "ox": 11,
      "oy": 15,
      "snapOnGrid": false
    }
  }
}