{
  "_fv": 43,
  "_type": "item",
  "definition": {
    "renderType": 1,
    "texture": "math_list",
    "customModelName": "math:default",
    "name": "§fMathematical calculations",
    "rarity": "UNCOMMON",
    "creativeTab": {
      "value": "CUSTOM:RickAndMortyPortal"
    },
    "stackSize": 64,
    "enchantability": 0,
    "useDuration": 0,
    "toolType": 1.0,
    "damageCount": 0,
    "recipeRemainder": {
      "value": ""
    },
    "destroyAnyBlock": false,
    "immuneToFire": false,
    "stayInGridWhenCrafting": false,
    "damageOnCrafting": false,
    "enableMeleeDamage": false,
    "damageVsEntity": 0.0,
    "specialInfo": [
      "Ordinary chalk and mathematics! (The main thing is not to make a mistake)"
    ],
    "hasGlow": false,
    "guiBoundTo": "<NONE>",
    "inventorySize": 9,
    "inventoryStackSize": 64,
    "isFood": false,
    "nutritionalValue": 4,
    "saturation": 0.3,
    "eatResultItem": {
      "value": ""
    },
    "isMeat": false,
    "isAlwaysEdible": false,
    "animation": "none"
  }
}