{
  "_fv": 43,
  "_type": "recipe",
  "definition": {
    "recipeType": "Crafting",
    "recipeRetstackSize": 1,
    "group": "",
    "cookingBookCategory": "MISC",
    "xpReward": 0.0,
    "cookingTime": 200,
    "craftingBookCategory": "MISC",
    "recipeShapeless": true,
    "recipeSlots": [
      {
        "value": ""
      },
      {
        "value": "Items.GOLDEN_APPLE#1"
      },
      {
        "value": "Blocks.REDSTONE_BLOCK"
      },
      {
        "value": ""
      },
      {
        "value": "Items.NETHERITE_INGOT"
      },
      {
        "value": "Items.NETHER_STAR"
      },
      {
        "value": ""
      },
      {
        "value": ""
      },
      {
        "value": ""
      }
    ],
    "recipeReturnStack": {
      "value": "CUSTOM:Memorycard"
    },
    "name": "memcardcraft",
    "namespace": "mod"
  }
}