{
  "_fv": 43,
  "_type": "gui",
  "definition": {
    "type": 0,
    "width": 176,
    "height": 166,
    "inventoryOffsetX": 0,
    "inventoryOffsetY": 0,
    "renderBgLayer": false,
    "doesPauseGame": false,
    "components": [
      {
        "type": "image",
        "data": {
          "image": "portal_gui.png",
          "use1Xscale": true,
          "x": 1,
          "y": 0
        }
      },
      {
        "type": "textfield",
        "data": {
          "placeholder": "id измерения",
          "name": "dimension",
          "width": 120,
          "height": 20,
          "x": 154,
          "y": 138
        }
      },
      {
        "type": "imagebutton",
        "data": {
          "name": "imagebutton_portal_gui_button",
          "image": "portal_gui_button.png",
          "hoveredImage": "portal_gui_button_hover.png",
          "onClick": {
            "name": "Guiaddportal"
          },
          "x": 189,
          "y": 187
        }
      },
      {
        "type": "textfield",
        "data": {
          "placeholder": "~ ~ ~",
          "name": "XYZ",
          "width": 120,
          "height": 20,
          "x": 154,
          "y": 161
        }
      }
    ],
    "gridSettings": {
      "sx": 18,
      "sy": 18,
      "ox": 11,
      "oy": 15,
      "snapOnGrid": false
    }
  }
}