{
  "credit": "Made with Blockbench",
  "texture_size": [
    32,
    32
  ],
  "elements": [
    {
      "from": [
        4,
        0,
        0
      ],
      "to": [
        16,
        0,
        16
      ],
      "rotation": {
        "angle": 0,
        "axis": "y",
        "origin": [
          10,
          0.075,
          8
        ]
      },
      "faces": {
        "north": {
          "uv": [
            0,
            0,
            6,
            0
          ],
          "texture": "#0"
        },
        "east": {
          "uv": [
            0,
            0,
            8,
            0
          ],
          "texture": "#0"
        },
        "south": {
          "uv": [
            0,
            0,
            6,
            0
          ],
          "texture": "#0"
        },
        "west": {
          "uv": [
            0,
            0,
            8,
            0
          ],
          "texture": "#0"
        },
        "up": {
          "uv": [
            6,
            8,
            0,
            0
          ],
          "texture": "#0"
        },
        "down": {
          "uv": [
            12,
            0,
            6,
            8
          ],
          "texture": "#0"
        }
      }
    },
    {
      "from": [
        4,
        0.05,
        0
      ],
      "to": [
        16,
        0.05,
        16
      ],
      "rotation": {
        "angle": 0,
        "axis": "y",
        "origin": [
          10,
          0.075,
          8
        ]
      },
      "faces": {
        "north": {
          "uv": [
            0,
            0,
            6,
            0
          ],
          "texture": "#0"
        },
        "east": {
          "uv": [
            0,
            0,
            8,
            0
          ],
          "texture": "#0"
        },
        "south": {
          "uv": [
            0,
            0,
            6,
            0
          ],
          "texture": "#0"
        },
        "west": {
          "uv": [
            0,
            0,
            8,
            0
          ],
          "texture": "#0"
        },
        "up": {
          "uv": [
            0,
            0,
            6,
            8
          ],
          "texture": "#0"
        },
        "down": {
          "uv": [
            0,
            0,
            6,
            8
          ],
          "texture": "#0"
        }
      }
    },
    {
      "from": [
        4,
        0.1,
        0
      ],
      "to": [
        16,
        0.1,
        16
      ],
      "rotation": {
        "angle": 0,
        "axis": "y",
        "origin": [
          10,
          0.075,
          8
        ]
      },
      "faces": {
        "north": {
          "uv": [
            0,
            0,
            6,
            0
          ],
          "texture": "#0"
        },
        "east": {
          "uv": [
            0,
            0,
            8,
            0
          ],
          "texture": "#0"
        },
        "south": {
          "uv": [
            0,
            0,
            6,
            0
          ],
          "texture": "#0"
        },
        "west": {
          "uv": [
            0,
            0,
            8,
            0
          ],
          "texture": "#0"
        },
        "up": {
          "uv": [
            0,
            0,
            6,
            8
          ],
          "texture": "#0"
        },
        "down": {
          "uv": [
            0,
            0,
            6,
            8
          ],
          "texture": "#0"
        }
      }
    },
    {
      "from": [
        4,
        0.15,
        0
      ],
      "to": [
        16,
        0.15,
        16
      ],
      "rotation": {
        "angle": 0,
        "axis": "y",
        "origin": [
          10,
          0.075,
          8
        ]
      },
      "faces": {
        "north": {
          "uv": [
            0,
            0,
            6,
            0
          ],
          "texture": "#0"
        },
        "east": {
          "uv": [
            0,
            0,
            8,
            0
          ],
          "texture": "#0"
        },
        "south": {
          "uv": [
            0,
            0,
            6,
            0
          ],
          "texture": "#0"
        },
        "west": {
          "uv": [
            0,
            0,
            8,
            0
          ],
          "texture": "#0"
        },
        "up": {
          "uv": [
            0,
            0,
            6,
            8
          ],
          "texture": "#0"
        },
        "down": {
          "uv": [
            0,
            0,
            6,
            8
          ],
          "texture": "#0"
        }
      }
    }
  ],
  "display": {
    "thirdperson_righthand": {
      "rotation": [
        87.5,
        0,
        0
      ],
      "translation": [
        -1.5,
        2,
        4
      ],
      "scale": [
        0.6,
        0.59,
        0.6
      ]
    },
    "thirdperson_lefthand": {
      "rotation": [
        84,
        1,
        0
      ],
      "translation": [
        0.5,
        3,
        3.5
      ],
      "scale": [
        0.6,
        0.6,
        0.6
      ]
    },
    "firstperson_righthand": {
      "rotation": [
        53,
        -23,
        20
      ],
      "translation": [
        1.25,
        6.75,
        0.25
      ],
      "scale": [
        0.8,
        0.8,
        0.8
      ]
    },
    "firstperson_lefthand": {
      "rotation": [
        68.7,
        2.17,
        11.32
      ],
      "translation": [
        2.5,
        6.75,
        3.5
      ],
      "scale": [
        0.8,
        0.8,
        0.8
      ]
    },
    "ground": {
      "translation": [
        0,
        4,
        0
      ],
      "scale": [
        0.7,
        1,
        0.7
      ]
    },
    "gui": {
      "rotation": [
        -72,
        -156,
        -21
      ],
      "translation": [
        -1.5,
        3,
        0
      ],
      "scale": [
        0.74,
        0.95,
        0.74
      ]
    },
    "fixed": {
      "rotation": [
        90,
        0,
        0
      ],
      "translation": [
        -3.25,
        0,
        10.25
      ],
      "scale": [
        1.2,
        1.2,
        1.2
      ]
    }
  },
  "groups": [
    {
      "name": "group",
      "origin": [
        8,
        8,
        8
      ],
      "color": 0,
      "nbt": "{}",
      "children": [
        0,
        1,
        2,
        3
      ]
    }
  ]
}