{
	"credit": "Made with Blockbench",
	"texture_size": [32, 32],
	"textures": {
		"0": "crystal",
		"particle": "crystal"
	},
	"elements": [
		{
			"from": [8, 0, 0],
			"to": [8, 16, 16],
			"faces": {
				"north": {"uv": [0, 0, 0, 8], "texture": "#0"},
				"east": {"uv": [8, 8, 0, 16], "texture": "#0"},
				"south": {"uv": [0, 0, 0, 8], "texture": "#0"},
				"west": {"uv": [0, 8, 8, 16], "texture": "#0"},
				"up": {"uv": [0, 8, 0, 0], "texture": "#0"},
				"down": {"uv": [0, 0, 0, 8], "texture": "#0"}
			}
		},
		{
			"from": [5.6, 0, 5.5],
			"to": [9.6, 12, 9.5],
			"faces": {
				"north": {"uv": [10, 6, 12, 12], "texture": "#0"},
				"east": {"uv": [10, 6, 12, 12], "texture": "#0"},
				"south": {"uv": [10, 6, 12, 12], "texture": "#0"},
				"west": {"uv": [8, 6, 10, 12], "texture": "#0"},
				"up": {"uv": [12, 14, 10, 12], "texture": "#0"},
				"down": {"uv": [14, 12, 12, 14], "texture": "#0"}
			}
		},
		{
			"from": [3.7, -2, 5.5],
			"to": [7.7, 6, 9.5],
			"rotation": {"angle": 22.5, "axis": "z", "origin": [0, 0, 0]},
			"faces": {
				"north": {"uv": [12, 0, 14, 4], "texture": "#0"},
				"east": {"uv": [12, 4, 14, 8], "texture": "#0"},
				"south": {"uv": [8, 12, 10, 16], "texture": "#0"},
				"west": {"uv": [12, 8, 14, 12], "texture": "#0"},
				"up": {"uv": [16, 2, 14, 0], "texture": "#0"},
				"down": {"uv": [16, 2, 14, 4], "texture": "#0"}
			}
		},
		{
			"from": [9.6, 0, 5.5],
			"to": [13.6, 8, 9.5],
			"rotation": {"angle": -22.5, "axis": "z", "origin": [11.6, 4, 7.5]},
			"faces": {
				"north": {"uv": [12, 0, 14, 4], "texture": "#0"},
				"east": {"uv": [8, 12, 10, 16], "texture": "#0"},
				"south": {"uv": [12, 8, 14, 12], "texture": "#0"},
				"west": {"uv": [12, 4, 14, 8], "texture": "#0"},
				"up": {"uv": [14, 0, 16, 2], "texture": "#0"},
				"down": {"uv": [14, 2, 16, 4], "texture": "#0"}
			}
		},
		{
			"from": [5.6, 0, 9.5],
			"to": [9.6, 8, 13.5],
			"rotation": {"angle": 22.5, "axis": "x", "origin": [7.6, 4, 11.5]},
			"faces": {
				"north": {"uv": [12, 0, 14, 4], "texture": "#0"},
				"east": {"uv": [12, 4, 14, 8], "texture": "#0"},
				"south": {"uv": [12, 8, 14, 12], "texture": "#0"},
				"west": {"uv": [8, 12, 10, 16], "texture": "#0"},
				"up": {"uv": [14, 0, 16, 2], "texture": "#0"},
				"down": {"uv": [14, 2, 16, 4], "texture": "#0"}
			}
		},
		{
			"from": [5.6, -0.2, 1.8],
			"to": [9.6, 7.8, 5.8],
			"rotation": {"angle": -22.5, "axis": "x", "origin": [7.6, 4, 3.5]},
			"faces": {
				"north": {"uv": [12, 4, 14, 8], "texture": "#0"},
				"east": {"uv": [8, 12, 10, 16], "texture": "#0"},
				"south": {"uv": [12, 0, 14, 4], "texture": "#0"},
				"west": {"uv": [12, 8, 14, 12], "texture": "#0"},
				"up": {"uv": [14, 0, 16, 2], "texture": "#0"},
				"down": {"uv": [14, 2, 16, 4], "texture": "#0"}
			}
		},
		{
			"from": [0, 0, 8],
			"to": [16, 16, 8],
			"faces": {
				"north": {"uv": [8, 8, 0, 16], "texture": "#0"},
				"east": {"uv": [0, 0, 0, 8], "texture": "#0"},
				"south": {"uv": [0, 8, 8, 16], "texture": "#0"},
				"west": {"uv": [0, 0, 0, 8], "texture": "#0"},
				"up": {"uv": [0, 0, 8, 0], "texture": "#0"},
				"down": {"uv": [0, 0, 8, 0], "texture": "#0"}
			}
		}
	],
	"groups": [
		{
			"name": "group",
			"origin": [8, 8, 8],
			"color": 0,
			"nbt": "{}",
			"children": [0, 1, 2, 3, 4, 5, 6]
		}
	]
}