{
	"credit": "Made with Blockbench",
	"texture_size": [32, 32],
	"textures": {
		"0": "portal_gun",
		"particle": "portal_gun"
	},
	"elements": [
		{
			"from": [7.2, 2, 8],
			"to": [8.8, 3.6, 13],
			"rotation": {"angle": 22.5, "axis": "x", "origin": [8, 1, 12]},
			"faces": {
				"north": {"uv": [2, 7, 2.75, 7.75], "texture": "#0"},
				"east": {"uv": [8.5, 1, 6, 1.75], "texture": "#0"},
				"south": {"uv": [3, 7, 3.75, 7.75], "texture": "#0"},
				"west": {"uv": [6, 2, 8.5, 2.75], "texture": "#0"},
				"up": {"uv": [6.75, 3, 6, 5.5], "texture": "#0"},
				"down": {"uv": [6.75, 8, 6, 5.5], "texture": "#0"}
			}
		},
		{
			"from": [7.5, 3.6, 9],
			"to": [8.5, 4, 10],
			"rotation": {"angle": 22.5, "axis": "x", "origin": [8, 1, 12]},
			"faces": {
				"north": {"uv": [7.5, 7, 8, 7.25], "texture": "#0"},
				"east": {"uv": [7.5, 7.5, 8, 7.75], "texture": "#0"},
				"south": {"uv": [0, 8, 0.5, 8.25], "texture": "#0"},
				"west": {"uv": [8, 0, 8.5, 0.25], "texture": "#0"},
				"up": {"uv": [7.5, 7.5, 7, 7], "texture": "#0"},
				"down": {"uv": [7.5, 7.5, 7, 8], "texture": "#0"}
			}
		},
		{
			"from": [6, 3.49619, 1.90381],
			"to": [10, 4.99619, 9.90381],
			"rotation": {"angle": 0, "axis": "x", "origin": [8, 5.59619, 7.40381]},
			"faces": {
				"north": {"uv": [4, 1, 6, 2], "texture": "#0"},
				"east": {"uv": [4, 4, 0, 5], "texture": "#0"},
				"south": {"uv": [4, 2, 6, 3], "texture": "#0"},
				"west": {"uv": [4, 0, 8, 1], "texture": "#0"},
				"up": {"uv": [0, 0, 2, 4], "texture": "#0"},
				"down": {"uv": [4, 4, 2, 0], "texture": "#0"}
			}
		},
		{
			"from": [6, 4.99619, 1.60381],
			"to": [10, 4.99619, 1.90381],
			"rotation": {"angle": 0, "axis": "x", "origin": [8, 5.59619, 7.40381]},
			"faces": {
				"north": {"uv": [4, 1, 6, 2], "texture": "#0"},
				"east": {"uv": [4, 4, 0, 5], "texture": "#0"},
				"south": {"uv": [4, 2, 6, 3], "texture": "#0"},
				"west": {"uv": [4, 0, 8, 1], "texture": "#0"},
				"up": {"uv": [0, 0, 2, 0.25], "texture": "#0"},
				"down": {"uv": [4, 4, 2, 0], "texture": "#0"}
			}
		},
		{
			"from": [6, 3.49619, 1.60381],
			"to": [10, 3.49619, 1.90381],
			"rotation": {"angle": 0, "axis": "x", "origin": [8, 5.59619, 7.40381]},
			"faces": {
				"north": {"uv": [4, 1, 6, 2], "texture": "#0"},
				"east": {"uv": [4, 4, 0, 5], "texture": "#0"},
				"south": {"uv": [4, 2, 6, 3], "texture": "#0"},
				"west": {"uv": [4, 0, 8, 1], "texture": "#0"},
				"up": {"uv": [0, 0, 2, 0.25], "texture": "#0"},
				"down": {"uv": [4, 4, 2, 0], "texture": "#0"}
			}
		},
		{
			"from": [10, 3.49619, 1.60381],
			"to": [10, 4.99619, 1.90381],
			"rotation": {"angle": 0, "axis": "x", "origin": [8, 5.59619, 7.40381]},
			"faces": {
				"north": {"uv": [4, 1, 6, 2], "texture": "#0"},
				"east": {"uv": [4, 4, 0, 5], "texture": "#0"},
				"south": {"uv": [4, 2, 6, 3], "texture": "#0"},
				"west": {"uv": [4, 0, 8, 1], "texture": "#0"},
				"up": {"uv": [0, 0, 2, 4], "texture": "#0"},
				"down": {"uv": [4, 4, 2, 0], "texture": "#0"}
			}
		},
		{
			"from": [6, 3.49619, 1.60381],
			"to": [6, 4.99619, 1.90381],
			"rotation": {"angle": 0, "axis": "x", "origin": [8, 5.59619, 7.40381]},
			"faces": {
				"north": {"uv": [4, 1, 6, 2], "texture": "#0"},
				"east": {"uv": [4, 4, 0, 5], "texture": "#0"},
				"south": {"uv": [4, 2, 6, 3], "texture": "#0"},
				"west": {"uv": [4, 0, 8, 1], "texture": "#0"},
				"up": {"uv": [0, 0, 2, 4], "texture": "#0"},
				"down": {"uv": [4, 4, 2, 0], "texture": "#0"}
			}
		},
		{
			"from": [7.75, 3.99619, 1.89],
			"to": [8.25, 4.49619, 1.99],
			"rotation": {"angle": 0, "axis": "x", "origin": [8, 5.59619, 7.40381]},
			"faces": {
				"north": {"uv": [8.5, 0, 8.75, 0.25], "texture": "#0"},
				"east": {"uv": [9, 0, 8.5, 0.25], "texture": "#0"},
				"south": {"uv": [4, 2, 6, 3], "texture": "#0"},
				"west": {"uv": [9.25, 0, 9.5, 0.25], "texture": "#0"},
				"up": {"uv": [8.75, 0, 9, 0.25], "texture": "#0"},
				"down": {"uv": [9.25, 0.25, 9, 0], "texture": "#0"}
			}
		},
		{
			"from": [9, 3.99619, 1.89],
			"to": [9.5, 4.49619, 1.99],
			"rotation": {"angle": 0, "axis": "x", "origin": [8, 5.59619, 7.40381]},
			"faces": {
				"north": {"uv": [8.5, 0, 8.75, 0.25], "texture": "#0"},
				"east": {"uv": [9, 0, 8.5, 0.25], "texture": "#0"},
				"south": {"uv": [4, 2, 6, 3], "texture": "#0"},
				"west": {"uv": [9.25, 0, 9.5, 0.25], "texture": "#0"},
				"up": {"uv": [8.75, 0, 9, 0.25], "texture": "#0"},
				"down": {"uv": [9.25, 0.25, 9, 0], "texture": "#0"}
			}
		},
		{
			"from": [6.5, 3.99619, 1.89],
			"to": [7, 4.49619, 1.99],
			"rotation": {"angle": 0, "axis": "x", "origin": [8, 5.59619, 7.40381]},
			"faces": {
				"north": {"uv": [8.5, 0, 8.75, 0.25], "texture": "#0"},
				"east": {"uv": [9, 0, 8.5, 0.25], "texture": "#0"},
				"south": {"uv": [4, 2, 6, 3], "texture": "#0"},
				"west": {"uv": [9.25, 0, 9.5, 0.25], "texture": "#0"},
				"up": {"uv": [8.75, 0, 9, 0.25], "texture": "#0"},
				"down": {"uv": [9.25, 0.25, 9, 0], "texture": "#0"}
			}
		},
		{
			"from": [7.28143, 6.49619, 5.18076],
			"to": [8.68143, 7.89619, 6.58076],
			"rotation": {"angle": -22.5, "axis": "y", "origin": [7.98143, 7.19619, 5.88076]},
			"faces": {
				"north": {"uv": [7, 3, 7.75, 3.75], "texture": "#0"},
				"east": {"uv": [4, 7, 4.75, 7.75], "texture": "#0"},
				"south": {"uv": [7, 4, 7.75, 4.75], "texture": "#0"},
				"west": {"uv": [5, 7, 5.75, 7.75], "texture": "#0"},
				"up": {"uv": [7.75, 5.75, 7, 5], "texture": "#0"},
				"down": {"uv": [7.75, 6, 7, 6.75], "texture": "#0"}
			}
		},
		{
			"from": [9, 8.99619, 6.90381],
			"to": [7, 4.99619, 6.90381],
			"rotation": {"angle": 0, "axis": "x", "origin": [8, 5.59619, 7.40381]},
			"faces": {
				"north": {"uv": [4, 5, 5, 3], "texture": "#0"},
				"east": {"uv": [0, 0, 0, 2], "texture": "#0"},
				"south": {"uv": [1, 7, 0, 5], "texture": "#0"},
				"west": {"uv": [0, 0, 0, 2], "texture": "#0"},
				"up": {"uv": [1, 0, 0, 0], "texture": "#0"},
				"down": {"uv": [1, 0, 0, 0], "texture": "#0"}
			}
		},
		{
			"from": [9, 8.99619, 4.90381],
			"to": [7, 4.99619, 4.90381],
			"rotation": {"angle": 0, "axis": "x", "origin": [8, 5.59619, 7.40381]},
			"faces": {
				"north": {"uv": [1, 7, 2, 5], "texture": "#0"},
				"east": {"uv": [0, 0, 0, 2], "texture": "#0"},
				"south": {"uv": [2, 7, 3, 5], "texture": "#0"},
				"west": {"uv": [0, 0, 0, 2], "texture": "#0"},
				"up": {"uv": [1, 0, 0, 0], "texture": "#0"},
				"down": {"uv": [1, 0, 0, 0], "texture": "#0"}
			}
		},
		{
			"from": [9, 8.99619, 6.90381],
			"to": [9, 4.99619, 4.90381],
			"rotation": {"angle": 0, "axis": "x", "origin": [8, 5.59619, 7.40381]},
			"faces": {
				"north": {"uv": [0, 0, 0, 2], "texture": "#0"},
				"east": {"uv": [3, 7, 4, 5], "texture": "#0"},
				"south": {"uv": [0, 0, 0, 2], "texture": "#0"},
				"west": {"uv": [5, 5, 6, 3], "texture": "#0"},
				"up": {"uv": [0, 1, 0, 0], "texture": "#0"},
				"down": {"uv": [0, 0, 0, 1], "texture": "#0"}
			}
		},
		{
			"from": [9, 8.99619, 6.90381],
			"to": [7, 8.99619, 4.90381],
			"rotation": {"angle": 0, "axis": "x", "origin": [8, 5.59619, 7.40381]},
			"faces": {
				"north": {"uv": [0, 0, 1, 0], "texture": "#0"},
				"east": {"uv": [0, 0, 1, 0], "texture": "#0"},
				"south": {"uv": [0, 0, 1, 0], "texture": "#0"},
				"west": {"uv": [0, 0, 1, 0], "texture": "#0"},
				"up": {"uv": [1, 8, 0, 7], "texture": "#0"},
				"down": {"uv": [2, 7, 1, 8], "texture": "#0"}
			}
		},
		{
			"from": [7, 8.99619, 6.90381],
			"to": [7, 4.99619, 4.90381],
			"rotation": {"angle": 0, "axis": "x", "origin": [8, 5.59619, 7.40381]},
			"faces": {
				"north": {"uv": [0, 0, 0, 2], "texture": "#0"},
				"east": {"uv": [5, 7, 4, 5], "texture": "#0"},
				"south": {"uv": [0, 0, 0, 2], "texture": "#0"},
				"west": {"uv": [5, 7, 6, 5], "texture": "#0"},
				"up": {"uv": [0, 1, 0, 0], "texture": "#0"},
				"down": {"uv": [0, 0, 0, 1], "texture": "#0"}
			}
		}
	],
	"display": {
		"thirdperson_righthand": {
			"rotation": [-1.25, 0, 0.01],
			"translation": [0, 3.75, -3.25]
		},
		"thirdperson_lefthand": {
			"translation": [-0.5, 4, -3]
		},
		"firstperson_righthand": {
			"rotation": [-0.05, 0.99, 4.5],
			"translation": [2.5, 4.75, -2.75],
			"scale": [1.18, 1, 1.13]
		},
		"firstperson_lefthand": {
			"rotation": [5.3, 0.99, 4.5],
			"translation": [2.5, 4.75, -2.75],
			"scale": [1.18, 1, 1.13]
		},
		"ground": {
			"translation": [0, 2.5, 0]
		},
		"gui": {
			"rotation": [39, -47, 19],
			"translation": [-1.75, 4.75, 0],
			"scale": [1.3, 1.3, 1.3]
		},
		"head": {
			"rotation": [-10, 0, 0],
			"translation": [0, 12.25, -0.25]
		},
		"fixed": {
			"rotation": [-180, -80.25, -90],
			"translation": [0, 0, -7.25],
			"scale": [1.5, 1.5, 1.5]
		}
	},
	"groups": [
		{
			"name": "group",
			"origin": [8, 8, 8],
			"color": 0,
			"children": [
				{
					"name": "group",
					"origin": [8, 8, 8],
					"color": 0,
					"children": [0, 1, 2, 3, 4, 5, 6, 7, 8, 9, 10]
				},
				{
					"name": "group",
					"origin": [8, 8, 8],
					"color": 0,
					"children": [11, 12, 13, 14, 15]
				}
			]
		}
	]
}